"","enri","enri","enri","enri","enri","enri","enri","enri","enri","enri","enri","enri","enri","enri","enri","enri","enri","enri"
"IGLC2",0.235097119892833,0.206892411143132,1761.56762598112,5343.61090342679,709.276407093292,0.687980217256911,0.0755180892167193,2264.2650181615,0.569021467798303,0.253306878306878,1556.72060620875,0.0857404860155892,583.395728220653,0.858651873242648,21.2311365807068,2.7646461225872,3555.81431861001,610.696439923713
"S100A4",3.76766577361018,5.61875600384246,13.0497099306109,7.48847352024922,10.449498843485,12.2186699637905,4.91581781992741,15.577675328304,7.6128307538692,9.15724206349206,13.1558298704473,8.36313617606602,12.5489404641776,1.91473516224637,21.8935052531041,7.12145840388306,6.5375758844463,2.62947658402204
"S100A10",1.74614869390489,2.3016330451489,4.50756455465817,3.22772585669782,3.20470316114109,5.16073478760046,1.78901767942864,3.94202291142777,1.56352970544184,3.06944444444444,9.98521143974578,2.61164603392939,3.2485704675412,2.30465840869367,6.18720152817574,2.9357715317756,1.07347707766381,0.687963551599915
"ARL4C",0.562541862022773,0.935518731988473,1.07120919121829,0.894080996884735,0.32112567463377,4.27695840325002,0.682238613745463,1.21709974853311,0.873689465801298,1.0026455026455,1.84563676362747,1.46423658872077,3.13235788765557,1.4058819059199,1.69770773638968,1.10813861609662,0.890517060916893,0.244543335452426
"PTPRC",1.3719022103148,2.51188760806916,2.99442611762029,2.5411214953271,2.61565150346954,5.29665283052195,0.967802365062639,3.46283878178262,1.94483275087369,1.78141534391534,2.31972622830604,1.92457588262265,3.33165153044063,0.344935025457862,2.53008595988539,2.34179930014674,1.62968390203056,0.608603517694427
"SLC2A3",0.29370395177495,0.349423631123919,1.38801046524855,0.416666666666667,0.5,1.66201536695222,0.205245287437068,1.73162894663314,0.488891662506241,0.391865079365079,0.761916401857736,0.70861989912884,1.41725529767911,0.0592750208982445,2.39111747851003,0.34529856642962,0.30730584048566,0.101928374655647
"ZEB2",0.592096450100469,1.01981268011527,2.05050619952224,1.02694704049844,1.33577486507325,1.82027731166652,0.64172813487882,1.9741547918413,0.863205192211682,0.932705026455027,1.41652407724273,1.43580926180651,2.32694248234107,0.168705828710388,4.65759312320917,1.04707077548256,0.88947037889889,0.268595041322314
"LAPTM5",2.16451774949766,1.07492795389049,2.13638948925037,1.29252336448598,2.03508095605243,2.85427890135123,1.04905748741365,2.6848281642917,0.88854218671992,1.37185846560847,1.68015155218773,2.26662081613939,2.39017827110663,0.251158902652177,5.66427889207259,1.22756518794446,0.770567301653758,0.357385039203221
"TUBA1A",0.455123911587408,0.770893371757925,1.36469116141508,0.685046728971963,0.948727833461835,2.09123023933587,0.545369394684463,1.52710254260967,0.503245132301548,0.981812169312169,0.968222928379369,1.16460339293902,1.45930036999664,0.180864807356182,1.80754536771729,0.917823682131166,0.541134603307515,0.214240305149396
"HLA-DPA1",1.07367716008038,1.48210854947166,2.87794335115459,3.01884735202492,1.06129529683886,2.50949395036651,1.06568317527222,1.74406258731489,0.797553669495756,1.13343253968254,1.56587631385969,1.43397524071527,2.85267406659939,0.175469260582111,3.8476599808978,1.71080257365391,0.581327192798828,0.84827293918203
"COTL1",1.02578700602813,1.40790105667627,2.70276419064953,2.01682242990654,3.41364687740941,2.47257793870882,0.743589743589744,2.72129086336966,0.96992011982027,1.35714285714286,1.91224639452457,1.61577258138469,2.29902455432223,0.233376396382704,5.10410697230181,1.49937916243368,0.561230898053172,0.469485060394151
"CD99",0.325100468854655,0.896133525456292,1.12706176771698,1.57601246105919,0.573245952197379,2.09608760929082,0.533895328415876,1.33794355965353,0.888666999500749,0.93452380952381,1.37839159129797,0.691425951398441,1.15085771947528,0.174405349950604,1.73352435530086,0.680663731798171,0.736026795059661,0.28766687857597
"FYB1",0.797471533824514,1.072646493756,1.75099533613923,1.26573208722741,1.14841942945258,2.18793605934823,0.441517386722866,1.20913663034367,0.744757863205192,0.809854497354497,1.05426546076754,1.07290233837689,1.46821392532795,0.127821263013907,0.630372492836676,1.04436166610227,0.580699183588026,0.307586353040898
"CD69",0.48719022103148,1.77173390970221,0.666932089637129,0.499221183800623,1.35659213569776,2.656363154641,0.981969324435078,2.19865884325231,0.543934098851722,1.48561507936508,1.65778538254705,3.2544704264099,3.61671712075345,0.334903868075082,2.54966571155683,1.33378485156338,2.33117019049613,0.535070989616444
"HLA-DPB1",1.15505693235097,1.53362151777137,2.18325560232056,1.9386292834891,0.708172706245181,2.45182372162854,0.955391640323147,2.06412405699916,0.920868696954568,0.930390211640212,1.28672696162307,1.57634112792297,2.66532122435251,0.139980241659701,3.64851957975167,1.39880347669037,0.62507850115135,0.454545454545455
"ITGB2",0.710063630274615,0.778097982708934,1.35650096689796,1.32881619937695,1.13878180416345,1.64744325708734,0.38555204308629,2.03967588711931,1.03007988017973,1.13723544973545,0.977633830359325,1.22237505731316,1.25243861419442,0.108974846112927,2.28080229226361,0.573653911276668,0.694159514339544,0.334392879847425
"CD3E",0.363780977896852,0.666546589817483,0.515754749175293,0.590031152647975,2.01040863531226,2.19244016603374,0.228193419974242,0.728136350936016,0.50698951572641,0.700562169312169,0.607430945978978,0.634800550206327,1.12125798856374,0.108442890797173,0.305157593123209,0.771193136922903,0.652082897215826,0.233206187751642
"LCP1",0.870060281312793,1.26332853025937,2.23785689910135,1.27679127725857,2.08057054741712,2.43416055815597,0.958084533426999,2.23093042749371,0.805541687468797,1.0271164021164,1.19310681984845,1.17904630903255,1.92045072317524,0.31628543202371,2.53772683858644,1.08973924822215,0.856395227129998,0.375079465988557
"SORL1",0.09268251841929,0.284822286263208,0.542714139460812,0.448753894080997,0.330763299922899,1.01148105625718,0.143777075283925,0.400111763062308,0.347603594608088,0.308035714285714,0.466756294304571,0.419990829894544,0.784729229734275,0.056539250702941,0.255014326647564,0.39236934191218,0.230270043960645,0.0643144734053825
"MYO1F",0.305509042196919,0.535062439961575,0.75964054146286,0.841121495327103,0.656900539707016,1.00167800052989,0.170003512469266,0.760687342833194,0.389665501747379,0.447751322751323,0.692740161329748,0.479138010087116,0.886814665321224,0.0702940952959951,0.880133715377268,0.525002821988938,0.251831693531505,0.140601822420004
"HCST",1.28039182853315,1.13640730067243,1.22784666135821,1.67866043613707,1.3484965304549,2.41278813035415,0.426647933497249,1.81782620843811,1.06565152271593,1.31613756613757,1.38279149352237,1.44773039889959,2.71846619576186,0.305950300174785,2.4054441260745,1.30037250253979,1.4285116181704,0.570777707141343
"IL32",1.16677829872739,2.2390730067243,1.30542600386759,2.3417445482866,16.9082498072475,5.03488474785834,0.527572883737267,1.89983235540654,1.34148776834748,1.85119047619048,1.46296748961134,0.638239339752407,2.05802219979818,0.498670111710616,0.508118433619866,2.51529518004289,1.17019049612728,0.825068870523416
"ANXA1",1.07510046885466,2.1366474543708,4.2478671368445,2.9309968847352,5.62683114880493,5.35176190055639,22.4735979393514,5.14501257334451,1.55766350474289,2.06316137566138,2.70190662429724,2.88147638697845,4.83753784056509,0.635230640626187,6.13085004775549,2.34371825262445,1.12685786058196,0.677368086458996
"TMSB4X",11.9659243134628,28.1617435158501,29.6002730064839,25.2059190031153,49.8411719352352,47.859577850393,180.798735511064,42.2820620284996,20.7080629056415,24.6471560846561,21.0069665118553,16.4509399358093,37.8247561385806,5.26696557489171,45.9317096466094,31.2999209843097,15.9595980741051,9.53549480822208
"ITM2B",2.4715338245144,5.72322286263208,4.1774542145376,7.25794392523365,3.81187355435621,4.10968824516471,4.75401006907856,5.85638446493434,5.79231153270095,4.82027116402116,5.42899046687851,2.46859238881247,3.70501177262025,0.43643133976746,4.18433619866285,3.99650073371712,8.50764077873142,4.11792752701844
"IGLL5",955.147605492297,0.121277617675312,0.0580138778295985,0.0138629283489097,0.24325366229761,0.0937913980393889,0.339070366467627,0.0691533948030176,0.13954068896655,0.394510582010582,0.0046443412368614,0.382393397524072,0.00353178607467205,0.276616764191808,0.00334288443170965,0.18297776272717,0.178982625078501,0.135198135198135
"MZB1",13.7103148024113,17.3274495677233,11.2949607553179,30.1291277258567,22.2636854279106,2.72498454473196,123.167427701674,15.839759709416,32.4157513729406,19.6140873015873,1.99376680518211,5.73979825767996,2.09737638748739,9.90234820275097,0.130850047755492,10.8101365842646,16.4664015072221,16.0922865013774
"IGHA2",0.0429504353650368,12.4690201729107,0.490046638607667,0.567445482866044,0.109483423284503,0.0713591804292149,1.05268703898841,8.70480581167924,0.0250873689465801,0.0259589947089947,0.0585431434857003,0.775103163686382,0.164984863773966,14.8273425032297,0.00143266475644699,0.146969183880799,1.0699183588026,0.116762025852935
"TNFRSF17",3.53365706630944,1.15489913544669,2.17563417131157,1.95654205607477,1.83577486507325,0.569813653625364,7.6103500761035,2.58424140821459,2.3854218671992,1.40575396825397,2.89929112686385,1.74873911049977,0.152875882946519,5.83030625427464,0.0143266475644699,3.05418218760582,3.46158676993929,14.7726213180759
"CCND1",0.0265405224380442,7.36251200768492,0.0123990444773063,0.00342679127725857,16.3442559753277,0.242338602843769,0.045662100456621,0.0164850516904163,4.6462805791313,0.0042989417989418,0.00183329259349792,0.00573131591013297,0.697443659603095,0.000531955315753477,0.0191021967526266,0.0139970651315047,0.725350638476031,1.30981140072049
"LINC01781",0.0536671131949096,2.5806916426513,0.0112615174610397,0.12601246105919,0.363145720894372,0.166122052459596,5.58131366350544,0.184129645152277,1.81128307538692,0.952215608465608,0.00855536543632364,0.00664832645575424,0.136898755465859,4.54958583478988,0.00716332378223496,1.46562817473756,1.48817249319657,3.12386098749735
"MT-ND6",1.20746818486269,5.88772814601345,1.08895461267205,0.888006230529595,3.27949113338473,0.363331272630928,0.993794637630254,0.74084939927354,1.70232151772341,0.466765873015873,0.887191395746761,0.65818431911967,0.677430205179953,1.53765483699369,0.263132760267431,0.504910260751778,1.36298932384342,2.771879635516
"SSR3",7.65539182853315,5.4978386167147,2.76339438061654,4.95420560747664,7.33307632999229,1.12019782743089,7.91406158529446,3.53171276892987,6.6900898652022,2.98809523809524,2.27817159618675,1.81591013296653,0.837369660275816,5.8575119689946,0.884909264565425,3.62919065357264,5.20703370316098,8.99756304301759
"JSRP1",0.122655726724715,5.32720941402498,0.0229780457285861,0.0158878504672897,7.36892829606785,0.0321469575200918,3.87085821332397,1.25384185526683,4.04980029955067,1.58085317460317,3.50537765827426,1.59880788629069,0.0221997981836529,0.607720951440079,0.0109837631327603,0.0190766452195507,0.00711743772241993,3.26679381224836
"JCHAIN",1.1757367716008,132.096181556196,1.21465134796951,3.31214953271028,124.943716268311,29.4686037269275,2.68820981149748,42.0695725062867,8.61907139291063,6.35846560846561,102.06098753361,1.60729023383769,39.803229061554,32.7843301162702,1.00811843361987,0.384016254656282,355.326355453213,59.6899766899767
"LAMP5",0.00678164768921634,0.728746397694525,0.0732567398475714,0.00389408099688474,0.591750192752506,0.0611145456151197,0.0475354173984311,1.42414082145851,0.0403145282076885,0.0201719576719577,0.00831092642385725,0.146263182026593,0.00874537504204507,2.7131240975758,0.0348615090735435,0.607292019415284,5.53276114716349,5.56876456876457
"DERL3",2.11110180843938,5.36443323727185,4.32578773745876,7.3088785046729,3.33346183500386,0.509317318731785,15.0018733169418,2.06873428331936,6.54717923115327,1.6020171957672,2.5032999266683,2.41494727189363,0.675580221997982,3.26187400258378,0.0721107927411652,2.33897731120894,3.88905170609169,2.13646959101505
"HIST1H1C",11.0416108506363,0.923030739673391,1.30826982140826,0.93816199376947,1.236700077101,0.407047602225559,13.2920032783046,1.13369656328583,0.723040439340988,3.84705687830688,1.02346614519677,0.656350298028427,0.284729229734275,1.8459609392811,1.26504297994269,6.28061857997517,0.916056102156165,3.49417249417249
"SEC11C",7.62047890154052,10.020292987512,6.87987714708224,11.6311526479751,11.414032382421,1.23827607524508,17.3028919330289,5.86588432523051,11.5274588117823,4.95039682539683,6.87008066487411,2.93626776707932,1.27480659266734,7.06869822934874,0.381566380133715,3.77604695789593,4.2865815365292,7.38080101716465
"LINC01480",0.0696584058941728,1.95196926032661,0.0685928790808782,1.89501557632399,1.58134155744025,0.209308487150049,6.65179721344105,0.670019558535904,0.810034947578632,2.50033068783069,0.21730628208262,0.209307657038056,0.0383451059535822,2.15609088836538,0.0143266475644699,0.719042781352297,3.39794850324471,1.65024369569824
"FKBP2",4.52997320830543,5.97922670509126,5.19099078603117,2.34190031152648,10.3215111796453,0.903559127439724,15.8330406275612,5.69516624755518,9.5937343984024,3.12152777777778,5.76607186506966,1.45552498853737,0.808610830810629,3.1592826202599,0.493791786055396,3.68495315498363,10.7879422231526,3.73193473193473
"DUSP5",1.98074346952445,0.763328530259366,0.546012967807985,0.652803738317757,1.11873554356207,0.229356177691425,2.15173867228662,0.421486448728695,0.396655017473789,1.25611772486772,0.484478122708384,0.365887207702889,0.247225025227043,2.86761911999392,0.217287488061127,1.83203521842194,1.70085827925476,3.73712650985378
"HIST1H2AC",4.86888814467515,0.76416906820365,0.2649300420885,0.398442367601246,0.625674633770239,0.111366245694604,3.00585411544316,0.644314054205085,0.730529206190714,0.544642857142857,0.495111219750672,0.248739110499771,0.110830810628994,0.305798312941713,0.169054441260745,2.07551642397562,0.426208917730793,1.58126721763085
"FKBP11",4.89484259879437,7.40417867435159,2.20611989534751,3.5088785046729,8.06283731688512,1.06014307162413,6.28158295281583,5.70690136909751,10.0299550673989,2.64880952380952,5.08640919090687,1.97707473635947,0.959804910864447,1.97287027889657,0.307545367717287,2.20295744440682,5.99434791710278,4.23426573426573
"ITM2C",3.34444072337575,1.85987031700288,5.44670685928791,3.64423676012461,0.34656900539707,1.09158350260532,14.4879990633415,4.28290025146689,4.56590114827758,9.95419973544974,5.09655340992422,1.66001834021091,0.365960309451732,7.68196671479596,0.195319961795606,6.35003950784513,2.1417207452376,10.8396906124179
"SRM",1.65011721366376,2.04658981748319,1.33977931975884,1.39626168224299,3.7787201233616,0.386999911684183,2.08453342699918,1.67504889633976,3.09860209685472,0.969907407407407,0.565876313859692,0.47501146263182,0.432391523713421,1.07819743141576,0.671919770773639,1.19381420024833,1.95499267322587,7.55001059546514
"DNAJC1",2.30760214333557,3.54839097022094,1.46445228074167,1.53629283489097,1.81148804934464,0.740086549501016,3.05514576747453,1.2975691533948,2.60396904643035,2.55654761904762,1.1137863603031,1.07932141219624,0.417087117389842,3.88114598373737,0.454632282712512,2.34394401173947,4.18651873560812,3.28544183089638
"CPEB4",1.05852310783657,0.68924111431316,0.905926515754749,0.549065420560748,1.45412490362375,0.509317318731785,2.67357452288959,1.32089969265158,1.59173739390914,1.35185185185185,0.667196284527011,0.603622191655204,0.350824083417423,3.39174709324417,1.13944603629417,0.545434021898634,1.57923382876282,4.15299851663488
"MEF2C",1.25544206296048,1.68443804034582,0.978500739392561,0.574766355140187,1.77447956823439,0.45261856398481,2.91054911602857,0.708298407376362,1.49650524213679,0.859623015873016,1.1159863114153,0.74438331040807,0.364951227716112,2.85166046052132,0.314231136580707,1.20735974714979,1.286162863722,1.86278872642509
"PRDX4",2.77503348961822,4.38748799231508,3.54612672050961,6.79828660436137,3.97725520431766,0.54217080279078,9.99157007376185,3.13202011735122,6.87618572141787,2.78240740740741,2.33549254461012,1.11439706556625,0.559535822401614,1.94878030245459,0.379178605539637,4.18817022237273,3.21205777684739,3.37465564738292
"CREB3L2",2.6919792364367,0.823126801152738,0.816289386872938,1.04034267912773,0.536622976098689,0.603108716771174,5.26320103032432,0.546102263202012,1.27745881178233,1.16749338624339,0.782815937423613,1.21297569922054,0.485704675412042,0.866175241279733,0.262655205348615,0.682018286488317,3.1410927360268,2.29052765416402
"CLPTM1L",1.52988948425988,1.26885206532181,1.42145375952679,2.69221183800623,3.26445643793369,0.668109158350261,2.96019201498654,2.49776473875384,2.19383424862706,2.01736111111111,1.16401857736495,1.1162310866575,0.320215270770266,2.11041872482711,0.337631327602674,1.26312224856079,2.57588444630521,7.19262555626192
"TPD52",1.02762893503014,1.17639289145053,0.577067455352065,0.869003115264797,1.33114880493446,0.350437163295946,4.58342114506498,0.650321318804135,1.13267598602097,0.773974867724868,0.556709850892202,0.395460797799175,0.235620585267407,0.989816855384148,0.0783190066857689,0.606953380742748,1.29474565626963,2.02776011866921
"POU2AF1",1.70805425318151,0.357949087415946,0.616198384711637,0.591433021806854,1.93677717810332,0.359622008301687,1.65261678960309,0.562587314892428,0.558537194208687,1.00578703703704,0.946712295282327,0.549747822099954,0.110662630339724,1.35732198495326,0.0186246418338109,1.22192121006886,1.55620682436676,4.25821148548421
"ZBTB38",3.91049899531145,1.3364553314121,0.903196450915709,1.64984423676012,1.0585967617579,0.566192705113486,4.30371150919096,0.672394523609947,0.955441837244134,2.36954365079365,0.986922512833048,1.0777166437414,0.236966027581567,2.38559161030473,0.0754536771728749,1.68100237047071,1.14360477287,2.23892773892774
"PRDM1",2.13889819156062,1.93948126801153,0.566260948697532,0.748130841121495,0.958365458750964,0.592069239600812,2.7672403699801,0.976948868398994,2.29231153270095,1.13640873015873,0.787215839648008,0.475928473177442,0.389673730238816,1.10479519720343,0.478510028653295,0.854272491251834,2.3221687251413,2.38525111252384
"COMMD3",0.963831212324179,2.11887608069164,0.970310544875441,0.870093457943925,1.22744795682344,0.311578203656275,1.31038520079616,0.883766415199777,2.93946580129805,0.664021164021164,1.10009777560499,0.46033929390188,0.592499159098554,1.42890797173037,0.47134670487106,1.6902584941867,1.90914800083735,3.34774316592498
"FCRL5",0.717766242464836,0.742795389048991,0.984757137982027,1.86479750778816,1.69121048573631,0.0741852865848273,2.24048706240487,0.57781503213188,1.45856215676485,0.971891534391534,0.672818381813737,0.469509399358093,0.13790783720148,1.25678243027586,0.0157593123209169,0.324641607404899,1.24387691019468,1.29879211697394
"MIR29B2CHG",1.4014567983925,0.403458213256484,0.267432601524286,0.493146417445483,0.608712413261372,0.132385410226972,1.43905865823674,0.136770047499301,0.371817274088867,0.591765873015873,0.668051821070643,0.908757450710683,0.280524722502523,1.72482711452238,0.191977077363897,0.437182526244497,0.752564370944107,0.534011443102352
"MESD",3.34293369055593,0.710014409221902,0.727448526902514,0.88613707165109,1.31033153430995,0.443433718979069,2.32127385552043,0.723805532271584,0.743260109835247,0.912698412698413,0.64153018821804,0.511462631820266,0.229397914564413,1.21627783266206,0.178605539637058,0.832825375324529,0.806363826669458,1.99491417673236
"CAV1",0.127930341594106,0.472862632084534,0.14116710271869,0.353582554517134,0.106784888203547,0.0653537048485384,0.572649572649573,0.380832634814194,1.20806290564154,0.138888888888889,0.219139574676118,0.0538743695552499,0.0210225361587622,0.643361957595562,0.00477554918815664,0.0724686759227904,0.457818714674482,3.02352193261284
"PLPP5",2.92782987273945,2.01224783861671,1.16653395518144,1.71059190031153,1.9922898997687,0.455974565044599,2.1092377941693,1.01592623637888,1.30179730404393,1.17476851851852,0.874725006110975,0.691425951398441,0.34460141271443,0.889429287939813,0.145176695319962,0.996726492832148,1.17479589700649,0.966306420851875
"PARP1",2.17900200937709,1.38124399615754,1.07405300875896,0.468224299065421,1.85389360061681,0.394153492890577,1.17070600632244,0.939089131042191,1.15489266100849,0.55026455026455,0.63847470056221,0.403713892709766,0.328960645812311,1.94520860247739,0.502387774594078,0.590021447115927,0.580071174377224,1.17365967365967
"GPR160",1.08322170127261,0.12536023054755,0.461039699692868,0.184735202492212,0.159599074787972,0.155789101828137,0.111345275728837,0.150041911148365,0.77109335996006,0.241236772486772,0.274505010999756,0.371618523613022,0.0807265388496468,1.5131088988525,0.106972301814709,0.466982729427701,0.425371572116391,1.69643992371265
"C11orf1",0.84938044206296,0.519932756964457,0.311682402457058,0.64797507788162,0.519275250578258,0.198004062527599,0.440346563634235,0.371612182173792,0.623689465801298,0.276455026455026,0.194206795404547,0.260660247592847,0.170366633030609,0.614256402462193,0.260267430754537,0.399029235805396,1.91689344777057,3.99470226742954
"NME1",0.914768921634293,1.27101344860711,0.988852235240587,0.713707165109034,2.93446414803392,0.274220612911773,1.41868633649456,1.12768929868678,1.08936595107339,0.646825396825397,0.501588853581032,0.476386978450252,0.340565085771948,1.23884793677331,0.735434574976122,0.80223501523874,1.79757169771823,3.36247086247086
"EAF2",2.124079035499,0.546469740634006,0.722102149926061,3.1613707165109,0.949498843484965,0.386028437693191,2.72239784568552,0.596535345068455,0.756365451822267,1.31580687830688,0.428012710828648,0.361302154974782,0.149175916582577,1.07736150163386,0.162846227316141,1.34202505926177,1.08226920661503,2.15840220385675
"SRPRB",1.73233422638982,1.05655619596542,0.590717779547264,1.20965732087227,2.02775636083269,0.284023668639053,1.83936307223978,0.798267672534227,1.01947079380929,0.977678571428571,0.650818870691762,0.607060981201284,0.208879919273461,1.16824986701117,0.245463228271251,0.905294051247319,1.61147163491731,1.49459631277813
"CD320",0.702277294038848,1.04478866474544,0.24479581390058,0.392367601246106,2.51464919043948,0.27413229709441,0.509308043554619,0.435456831517184,1.02271592611083,0.240079365079365,0.233439256905402,0.164832645575424,0.302892700975446,1.14583175013299,0.208213944603629,0.386499604921549,0.547833368222734,2.54450095359186
"TCF4",1.31011386470194,0.896733909702209,1.31771129564327,0.997040498442368,1.53353893600617,0.218316700521063,2.99613628380752,0.613299804414641,1.28594608087868,0.54646164021164,0.243339036910291,0.68707015130674,0.237806929027918,1.23254046660081,0.289875835721108,0.799751664973473,0.563324262089177,0.969167196439924
"AIM2",0.2428834561286,0.382684918347743,0.26288249345922,0.195327102803738,0.646106399383192,0.0642055992228208,0.576864535768645,0.0294775076837105,0.345856215676485,0.16848544973545,0.241627963823026,0.0364511691884457,0.0188361923982509,0.690174025381868,0.00811843361986628,0.0363472175189073,0.0548461377433536,1.99947022674295
"CD38",0.912257200267917,1.09053794428434,1.3865316801274,2.04610591900312,0.625674633770239,0.357149165415526,2.0165086055497,0.721570271025426,1.88679480778832,2.26339285714286,0.825348325592765,0.55387436955525,0.17238479650185,1.16080249259062,0.115090735434575,1.65695902472062,1.04731002721373,3.94045348590803
"C2orf88",0.965170797052914,0.319884726224784,0.312023660561938,0.199221183800623,0.0886661526599846,0.0982071889075333,0.649806814190376,0.159681475272422,0.55416874687968,0.487599206349206,0.222806159863114,0.150618982118294,0.0850992263706694,0.523292043468349,0.0797516714422159,0.254994920419912,0.516223571279045,1.89319771137953
"SPATS2",0.901791694574682,0.624399615754083,0.426913889204869,0.580685358255452,0.913646877409406,0.276163560893756,1.17281348788198,0.376781223805532,0.530454318522217,0.53885582010582,0.531777071620631,0.332645575424117,0.12108980827447,0.725055095371989,0.1189111747851,0.424765774918162,0.782708813062592,1.63721127357491
"GLCCI1",0.415354989953115,0.819164265129683,0.911045387327949,1.75514018691589,1.1692367000771,0.560540492802261,2.6389181594661,0.700195585359039,1.7191712431353,0.316964285714286,0.432901491077976,0.622879413113251,0.257484022872519,1.25883425792233,0.101241642788921,1.72062309515747,3.13439397111158,1.72398813307904
"SDC1",0.590924313462826,0.563280499519693,0.36480491411671,1.75763239875389,1.7964533538936,0.437869822485207,2.45146938297623,1.07655769768092,1.01622566150774,1.73363095238095,0.889513566365192,1.51650618982118,0.077531113353515,1.2446994452466,0.0124164278892073,1.13082740715656,1.78312748586979,2.79858020767112
"VEGFB",0.5660582719357,0.334293948126801,0.321920145603458,0.296884735202492,0.499614494988435,0.183520268480085,0.555789720173282,0.238055322715842,0.451447828257614,0.239914021164021,0.252016621852848,0.223750573131591,0.157753111335351,1.2491070750057,0.170964660936008,0.339428829438989,0.719070546368013,1.16444161898707
